{
  "model": {
    "knots": [
      0.0,
      0.02331099899756116,
      0.12783145572715804,
      0.1495632124501378,
      0.17065215127758118,
      0.19296225077708196,
      0.23667712960317544,
      0.2607177396720582,
      0.28820647827023277,
      0.3503531997047604,
      0.3812963249948606,
      0.40648350535760885,
      0.45071267153350936,
      0.46944543218991597,
      0.48483204193729873,
      0.5353063356206811,
      0.5549527844971862,
      0.5694904489961936,
      0.5866201714123778,
      0.6240910628011459,
      0.6386789884883542,
      0.6530862975405772,
      0.667066203964725,
      0.6968433750949858,
      0.7818643127812916,
      0.80277206751611,
      0.8206609324612875,
      0.8440419666549148,
      0.8645860283340697,
      0.9097061972623802,
      0.9345021857573086,
      0.9529671605350084,
      0.9784158020818842,
      1.0
    ],
    "segments": [
      {
        "control_points": [
          [
            40.785419107094576,
            18.30930766223904
          ],
          [
            43.50818938380883,
            22.75360389882892
          ],
          [
            37.10654701810758,
            13.137408533449863
          ],
          [
            40.505281101565316,
            20.299592838702427
          ]
        ]
      },
      {
        "control_points": [
          [
            40.505281101565316,
            20.299592838702427
          ],
          [
            43.904015185023056,
            27.46177714395499
          ],
          [
            16.371866292408367,
            23.130005272596804
          ],
          [
            11.043103592140728,
            22.308410166699723
          ]
        ]
      },
      {
        "control_points": [
          [
            11.043103592140728,
            22.308410166699723
          ],
          [
            5.714340891873088,
            21.48681506080264
          ],
          [
            6.724323515056087,
            21.400309648338062
          ],
          [
            4.647776272177596,
            22.692202625041197
          ]
        ]
      },
      {
        "control_points": [
          [
            4.647776272177596,
            22.692202625041197
          ],
          [
            2.5712290292991056,
            23.984095601744333
          ],
          [
            -0.32808194887299624,
            26.607779221697097
          ],
          [
            3.942982791251911,
            25.6272394063135
          ]
        ]
      },
      {
        "control_points": [
          [
            3.942982791251911,
            25.6272394063135
          ],
          [
            8.214047531376817,
            24.646699590929902
          ],
          [
            2.293925932204504,
            26.461091799744125
          ],
          [
            0.5544139881729988,
            23.924244479170213
          ]
        ]
      },
      {
        "control_points": [
          [
            0.5544139881729988,
            23.924244479170213
          ],
          [
            -1.1850979558585064,
            21.3873971585963
          ],
          [
            -9.334861583998384,
            22.537616445189823
          ],
          [
            -12.182647439883903,
            24.499859630181337
          ]
        ]
      },
      {
        "control_points": [
          [
            -12.182647439883903,
            24.499859630181337
          ],
          [
            -15.030433295769422,
            26.46210281517285
          ],
          [
            -19.35020727303487,
            21.322441795820513
          ],
          [
            -14.952326522124919,
            24.156220566859282
          ]
        ]
      },
      {
        "control_points": [
          [
            -14.952326522124919,
            24.156220566859282
          ],
          [
            -10.554445771214967,
            26.989999337898052
          ],
          [
            -14.433986821978161,
            26.33791213191344
          ],
          [
            -16.94249746216691,
            21.774369085184762
          ]
        ]
      },
      {
        "control_points": [
          [
            -16.94249746216691,
            21.774369085184762
          ],
          [
            -19.451008102355654,
            17.210826038456084
          ],
          [
            -32.39353084417111,
            17.659222247647502
          ],
          [
            -30.597294800679542,
            10.535991098185393
          ]
        ]
      },
      {
        "control_points": [
          [
            -30.597294800679542,
            10.535991098185393
          ],
          [
            -28.801058757187977,
            3.412759948723285
          ],
          [
            -24.741600792390035,
            15.92646888208132
          ],
          [
            -28.980361996781802,
            9.172036230415678
          ]
        ]
      },
      {
        "control_points": [
          [
            -28.980361996781802,
            9.172036230415678
          ],
          [
            -33.21912320117357,
            2.417603578750035
          ],
          [
            -26.788290224223,
            10.852465922831147
          ],
          [
            -31.98337304364262,
            8.802094267700424
          ]
        ]
      },
      {
        "control_points": [
          [
            -31.98337304364262,
            8.802094267700424
          ],
          [
            -37.17845586306224,
            6.751722612569701
          ],
          [
            -31.251011828147952,
            -0.6718489868681559
          ],
          [
            -36.35169924423345,
            -2.9321871387446663
          ]
        ]
      },
      {
        "control_points": [
          [
            -36.35169924423345,
            -2.9321871387446663
          ],
          [
            -41.45238666031895,
            -5.192525290621177
          ],
          [
            -36.29134135546651,
            1.0250819091326027
          ],
          [
            -38.72521022634818,
            -2.71304614083275
          ]
        ]
      },
      {
        "control_points": [
          [
            -38.72521022634818,
            -2.71304614083275
          ],
          [
            -41.159079097229856,
            -6.451174190798103
          ],
          [
            -38.26819512908243,
            -1.081455106316564
          ],
          [
            -37.967944426298395,
            -5.032199145687618
          ]
        ]
      },
      {
        "control_points": [
          [
            -37.967944426298395,
            -5.032199145687618
          ],
          [
            -37.66769372351436,
            -8.982943185058671
          ],
          [
            -33.51864855855223,
            -18.22254318333501
          ],
          [
            -29.39811622737485,
            -15.910983014361097
          ]
        ]
      },
      {
        "control_points": [
          [
            -29.39811622737485,
            -15.910983014361097
          ],
          [
            -25.27758389619747,
            -13.599422845387185
          ],
          [
            -29.033468608069953,
            -21.14074689278454
          ],
          [
            -28.08994918418956,
            -17.492725324410042
          ]
        ]
      },
      {
        "control_points": [
          [
            -28.08994918418956,
            -17.492725324410042
          ],
          [
            -27.146429760309168,
            -13.844703756035544
          ],
          [
            -30.245427382125147,
            -18.74371592338202
          ],
          [
            -29.266496246750634,
            -18.556005324687522
          ]
        ]
      },
      {
        "control_points": [
          [
            -29.266496246750634,
            -18.556005324687522
          ],
          [
            -28.28756511137612,
